PRAGMA foreign_keys=OFF;
BEGIN TRANSACTION;
CREATE TABLE IF NOT EXISTS "django_migrations" ("id" integer NOT NULL PRIMARY KEY AUTOINCREMENT, "app" varchar(255) NOT NULL, "name" varchar(255) NOT NULL, "applied" datetime NOT NULL);
INSERT INTO django_migrations VALUES(1,'contenttypes','0001_initial','2025-08-24 16:31:07.721593');
INSERT INTO django_migrations VALUES(2,'auth','0001_initial','2025-08-24 16:31:07.729980');
INSERT INTO django_migrations VALUES(3,'accounts','0001_initial','2025-08-24 16:31:07.742510');
INSERT INTO django_migrations VALUES(4,'admin','0001_initial','2025-08-24 16:31:07.759469');
INSERT INTO django_migrations VALUES(5,'admin','0002_logentry_remove_auto_add','2025-08-24 16:31:07.770013');
INSERT INTO django_migrations VALUES(6,'admin','0003_logentry_add_action_flag_choices','2025-08-24 16:31:07.775988');
INSERT INTO django_migrations VALUES(7,'contenttypes','0002_remove_content_type_name','2025-08-24 16:31:07.792500');
INSERT INTO django_migrations VALUES(8,'auth','0002_alter_permission_name_max_length','2025-08-24 16:31:07.792500');
INSERT INTO django_migrations VALUES(9,'auth','0003_alter_user_email_max_length','2025-08-24 16:31:07.809328');
INSERT INTO django_migrations VALUES(10,'auth','0004_alter_user_username_opts','2025-08-24 16:31:07.840789');
INSERT INTO django_migrations VALUES(11,'auth','0005_alter_user_last_login_null','2025-08-24 16:31:07.848728');
INSERT INTO django_migrations VALUES(12,'auth','0006_require_contenttypes_0002','2025-08-24 16:31:07.848728');
INSERT INTO django_migrations VALUES(13,'auth','0007_alter_validators_add_error_messages','2025-08-24 16:31:07.860280');
INSERT INTO django_migrations VALUES(14,'auth','0008_alter_user_username_max_length','2025-08-24 16:31:07.875712');
INSERT INTO django_migrations VALUES(15,'auth','0009_alter_user_last_name_max_length','2025-08-24 16:31:07.875712');
INSERT INTO django_migrations VALUES(16,'auth','0010_alter_group_name_max_length','2025-08-24 16:31:07.891408');
INSERT INTO django_migrations VALUES(17,'auth','0011_update_proxy_permissions','2025-08-24 16:31:07.892408');
INSERT INTO django_migrations VALUES(18,'auth','0012_alter_user_first_name_max_length','2025-08-24 16:31:07.908066');
INSERT INTO django_migrations VALUES(19,'sessions','0001_initial','2025-08-24 16:31:07.909067');
INSERT INTO django_migrations VALUES(20,'captcha','0001_initial','2025-08-24 21:42:17.531197');
INSERT INTO django_migrations VALUES(21,'captcha','0002_alter_captchastore_id','2025-08-24 21:42:17.536771');
INSERT INTO django_migrations VALUES(22,'accounts','0002_cliente_cidade_cliente_estado_fornecedor_cidade_and_more','2025-08-25 17:31:29.863077');
CREATE TABLE IF NOT EXISTS "auth_group_permissions" ("id" integer NOT NULL PRIMARY KEY AUTOINCREMENT, "group_id" integer NOT NULL REFERENCES "auth_group" ("id") DEFERRABLE INITIALLY DEFERRED, "permission_id" integer NOT NULL REFERENCES "auth_permission" ("id") DEFERRABLE INITIALLY DEFERRED);
CREATE TABLE IF NOT EXISTS "auth_user_groups" ("id" integer NOT NULL PRIMARY KEY AUTOINCREMENT, "user_id" integer NOT NULL REFERENCES "auth_user" ("id") DEFERRABLE INITIALLY DEFERRED, "group_id" integer NOT NULL REFERENCES "auth_group" ("id") DEFERRABLE INITIALLY DEFERRED);
CREATE TABLE IF NOT EXISTS "auth_user_user_permissions" ("id" integer NOT NULL PRIMARY KEY AUTOINCREMENT, "user_id" integer NOT NULL REFERENCES "auth_user" ("id") DEFERRABLE INITIALLY DEFERRED, "permission_id" integer NOT NULL REFERENCES "auth_permission" ("id") DEFERRABLE INITIALLY DEFERRED);
CREATE TABLE IF NOT EXISTS "accounts_passwordresetcode" ("id" integer NOT NULL PRIMARY KEY AUTOINCREMENT, "code" varchar(6) NOT NULL, "created_at" datetime NOT NULL, "user_id" integer NOT NULL REFERENCES "auth_user" ("id") DEFERRABLE INITIALLY DEFERRED);
INSERT INTO accounts_passwordresetcode VALUES(1,'198828','2025-09-04 20:12:27.949488',2);
INSERT INTO accounts_passwordresetcode VALUES(5,'534709','2025-09-06 14:07:40.258936',9);
CREATE TABLE IF NOT EXISTS "accounts_perfil" ("id" integer NOT NULL PRIMARY KEY AUTOINCREMENT, "celular" varchar(20) NULL UNIQUE, "user_id" integer NOT NULL UNIQUE REFERENCES "auth_user" ("id") DEFERRABLE INITIALLY DEFERRED);
INSERT INTO accounts_perfil VALUES(1,'1',2);
INSERT INTO accounts_perfil VALUES(2,'111',3);
INSERT INTO accounts_perfil VALUES(3,'11',4);
INSERT INTO accounts_perfil VALUES(4,'14',5);
INSERT INTO accounts_perfil VALUES(5,'1111',6);
INSERT INTO accounts_perfil VALUES(6,'112',7);
INSERT INTO accounts_perfil VALUES(7,'11112',8);
INSERT INTO accounts_perfil VALUES(8,'111123',9);
CREATE TABLE IF NOT EXISTS "accounts_produto" ("id" char(32) NOT NULL PRIMARY KEY, "nome" varchar(255) NOT NULL, "quantidade" integer NOT NULL, "quantidade_minima" integer NOT NULL, "preco_compra" decimal NOT NULL, "preco_venda" decimal NOT NULL, "data_entrada" datetime NOT NULL, "fornecedor_id" varchar(18) NULL REFERENCES "accounts_fornecedor" ("cnpj") DEFERRABLE INITIALLY DEFERRED);
INSERT INTO accounts_produto VALUES('072b8a8d0a8944c6a53c2d5d104217c5','Anel',100,30,10,30,'2025-09-06 13:42:54.091828','123');
INSERT INTO accounts_produto VALUES('9cff92cdcebc452e9f95feadbeb8e6d5','Colar',80,20,20,40,'2025-09-06 13:44:03.490226','456');
INSERT INTO accounts_produto VALUES('59773b79e6be470c8d032b7ab0febde4','Pulseira',110,10,10,30,'2025-09-06 13:45:40.836278','789');
INSERT INTO accounts_produto VALUES('4114c364ad374817814b73ba4440d0da','Pingente',40,5,5,15,'2025-09-06 13:46:16.614064','123');
INSERT INTO accounts_produto VALUES('3c1328a6bf14474f9129b0f16ee07020','Aliança',30,10,50,120,'2025-09-06 13:46:53.727917','456');
INSERT INTO accounts_produto VALUES('bbe9f421a91d4369bc72c330a69f5d9d','Berloque',30,15,40,80,'2025-09-06 13:47:21.382254','789');
INSERT INTO accounts_produto VALUES('9e69adf807b243838fcaaf5b59c82889','Brinco',130,80,10,25,'2025-09-06 13:47:59.427461','123');
INSERT INTO accounts_produto VALUES('d95a88e5655a4e369b936e38e88473f8','Bracelete',60,70,20,50,'2025-09-06 13:48:37.978159','456');
INSERT INTO accounts_produto VALUES('61f1e3a9d0f041f9af0f672b264c4e1f','Gargantilha',180,210,10,30,'2025-09-06 13:49:17.318445','789');
CREATE TABLE IF NOT EXISTS "accounts_historiconotafiscal" ("id" char(32) NOT NULL PRIMARY KEY, "numero_nota" varchar(255) NOT NULL, "quantidade_adicionada" integer NOT NULL, "preco_compra_nota" decimal NOT NULL, "preco_venda_nota" decimal NOT NULL, "data_entrada" datetime NOT NULL, "produto_id" char(32) NOT NULL REFERENCES "accounts_produto" ("id") DEFERRABLE INITIALLY DEFERRED);
INSERT INTO accounts_historiconotafiscal VALUES('88283dcb8e0247ada5a59ad3e5daf69c','123',100,10,30,'2025-09-06 13:42:54.101424','072b8a8d0a8944c6a53c2d5d104217c5');
INSERT INTO accounts_historiconotafiscal VALUES('a478b29cf37f4b20ba844f63ca8d7634','456',80,20,40,'2025-09-06 13:44:03.499892','9cff92cdcebc452e9f95feadbeb8e6d5');
INSERT INTO accounts_historiconotafiscal VALUES('510bc98785694a64b6cb6eee96a86f0d','789',120,10,30,'2025-09-06 13:45:40.836278','59773b79e6be470c8d032b7ab0febde4');
INSERT INTO accounts_historiconotafiscal VALUES('078b42946ef04c73bfe11806044ddf87','123',40,5,15,'2025-09-06 13:46:16.614064','4114c364ad374817814b73ba4440d0da');
INSERT INTO accounts_historiconotafiscal VALUES('ddd60b1dfef04797b251fb6fcba98761','456',30,50,120,'2025-09-06 13:46:53.744040','3c1328a6bf14474f9129b0f16ee07020');
INSERT INTO accounts_historiconotafiscal VALUES('037c087392154a7c837167c5fd79fca5','789',30,40,80,'2025-09-06 13:47:21.382254','bbe9f421a91d4369bc72c330a69f5d9d');
INSERT INTO accounts_historiconotafiscal VALUES('789f45e200194dbba8bf8d514d8580c9','123',130,10,25,'2025-09-06 13:47:59.441465','9e69adf807b243838fcaaf5b59c82889');
INSERT INTO accounts_historiconotafiscal VALUES('797fa773dec24b729fb46b2f01724d31','456',60,20,50,'2025-09-06 13:48:37.994716','d95a88e5655a4e369b936e38e88473f8');
INSERT INTO accounts_historiconotafiscal VALUES('fc7ee03af4bc4bc4a1ff3fea67098f20','456',200,10,30,'2025-09-06 13:49:17.318445','61f1e3a9d0f041f9af0f672b264c4e1f');
INSERT INTO accounts_historiconotafiscal VALUES('92e3ec079de14870b52b54b65460fad9','456',10,10,30,'2025-09-06 13:59:21.327882','072b8a8d0a8944c6a53c2d5d104217c5');
CREATE TABLE IF NOT EXISTS "accounts_venda" ("id" char(32) NOT NULL PRIMARY KEY, "quantidade" integer NOT NULL, "preco_total" decimal NOT NULL, "data_venda" datetime NOT NULL, "cliente_id" varchar(14) NULL REFERENCES "accounts_cliente" ("cpf") DEFERRABLE INITIALLY DEFERRED, "produto_id" char(32) NOT NULL REFERENCES "accounts_produto" ("id") DEFERRABLE INITIALLY DEFERRED);
INSERT INTO accounts_venda VALUES('7fee7961253544f995f3e2eeee9de0bf',10,300,'2025-09-06 13:50:14.761316','123','072b8a8d0a8944c6a53c2d5d104217c5');
INSERT INTO accounts_venda VALUES('c950c202223546d2bb9e2fde14211f66',10,300,'2025-09-06 13:51:15.376693','345','59773b79e6be470c8d032b7ab0febde4');
INSERT INTO accounts_venda VALUES('acdeafec399d4721b78b525e14aeb5f0',20,600,'2025-09-06 13:52:25.175839','678','61f1e3a9d0f041f9af0f672b264c4e1f');
CREATE TABLE IF NOT EXISTS "django_admin_log" ("id" integer NOT NULL PRIMARY KEY AUTOINCREMENT, "object_id" text NULL, "object_repr" varchar(200) NOT NULL, "action_flag" smallint unsigned NOT NULL CHECK ("action_flag" >= 0), "change_message" text NOT NULL, "content_type_id" integer NULL REFERENCES "django_content_type" ("id") DEFERRABLE INITIALLY DEFERRED, "user_id" integer NOT NULL REFERENCES "auth_user" ("id") DEFERRABLE INITIALLY DEFERRED, "action_time" datetime NOT NULL);
CREATE TABLE IF NOT EXISTS "django_content_type" ("id" integer NOT NULL PRIMARY KEY AUTOINCREMENT, "app_label" varchar(100) NOT NULL, "model" varchar(100) NOT NULL);
INSERT INTO django_content_type VALUES(1,'admin','logentry');
INSERT INTO django_content_type VALUES(2,'auth','permission');
INSERT INTO django_content_type VALUES(3,'auth','group');
INSERT INTO django_content_type VALUES(4,'auth','user');
INSERT INTO django_content_type VALUES(5,'contenttypes','contenttype');
INSERT INTO django_content_type VALUES(6,'sessions','session');
INSERT INTO django_content_type VALUES(7,'accounts','cliente');
INSERT INTO django_content_type VALUES(8,'accounts','fornecedor');
INSERT INTO django_content_type VALUES(9,'accounts','passwordresetcode');
INSERT INTO django_content_type VALUES(10,'accounts','perfil');
INSERT INTO django_content_type VALUES(11,'accounts','produto');
INSERT INTO django_content_type VALUES(12,'accounts','historiconotafiscal');
INSERT INTO django_content_type VALUES(13,'accounts','venda');
INSERT INTO django_content_type VALUES(14,'captcha','captchastore');
CREATE TABLE IF NOT EXISTS "auth_permission" ("id" integer NOT NULL PRIMARY KEY AUTOINCREMENT, "content_type_id" integer NOT NULL REFERENCES "django_content_type" ("id") DEFERRABLE INITIALLY DEFERRED, "codename" varchar(100) NOT NULL, "name" varchar(255) NOT NULL);
INSERT INTO auth_permission VALUES(1,1,'add_logentry','Can add log entry');
INSERT INTO auth_permission VALUES(2,1,'change_logentry','Can change log entry');
INSERT INTO auth_permission VALUES(3,1,'delete_logentry','Can delete log entry');
INSERT INTO auth_permission VALUES(4,1,'view_logentry','Can view log entry');
INSERT INTO auth_permission VALUES(5,2,'add_permission','Can add permission');
INSERT INTO auth_permission VALUES(6,2,'change_permission','Can change permission');
INSERT INTO auth_permission VALUES(7,2,'delete_permission','Can delete permission');
INSERT INTO auth_permission VALUES(8,2,'view_permission','Can view permission');
INSERT INTO auth_permission VALUES(9,3,'add_group','Can add group');
INSERT INTO auth_permission VALUES(10,3,'change_group','Can change group');
INSERT INTO auth_permission VALUES(11,3,'delete_group','Can delete group');
INSERT INTO auth_permission VALUES(12,3,'view_group','Can view group');
INSERT INTO auth_permission VALUES(13,4,'add_user','Can add user');
INSERT INTO auth_permission VALUES(14,4,'change_user','Can change user');
INSERT INTO auth_permission VALUES(15,4,'delete_user','Can delete user');
INSERT INTO auth_permission VALUES(16,4,'view_user','Can view user');
INSERT INTO auth_permission VALUES(17,5,'add_contenttype','Can add content type');
INSERT INTO auth_permission VALUES(18,5,'change_contenttype','Can change content type');
INSERT INTO auth_permission VALUES(19,5,'delete_contenttype','Can delete content type');
INSERT INTO auth_permission VALUES(20,5,'view_contenttype','Can view content type');
INSERT INTO auth_permission VALUES(21,6,'add_session','Can add session');
INSERT INTO auth_permission VALUES(22,6,'change_session','Can change session');
INSERT INTO auth_permission VALUES(23,6,'delete_session','Can delete session');
INSERT INTO auth_permission VALUES(24,6,'view_session','Can view session');
INSERT INTO auth_permission VALUES(25,7,'add_cliente','Can add cliente');
INSERT INTO auth_permission VALUES(26,7,'change_cliente','Can change cliente');
INSERT INTO auth_permission VALUES(27,7,'delete_cliente','Can delete cliente');
INSERT INTO auth_permission VALUES(28,7,'view_cliente','Can view cliente');
INSERT INTO auth_permission VALUES(29,8,'add_fornecedor','Can add fornecedor');
INSERT INTO auth_permission VALUES(30,8,'change_fornecedor','Can change fornecedor');
INSERT INTO auth_permission VALUES(31,8,'delete_fornecedor','Can delete fornecedor');
INSERT INTO auth_permission VALUES(32,8,'view_fornecedor','Can view fornecedor');
INSERT INTO auth_permission VALUES(33,9,'add_passwordresetcode','Can add password reset code');
INSERT INTO auth_permission VALUES(34,9,'change_passwordresetcode','Can change password reset code');
INSERT INTO auth_permission VALUES(35,9,'delete_passwordresetcode','Can delete password reset code');
INSERT INTO auth_permission VALUES(36,9,'view_passwordresetcode','Can view password reset code');
INSERT INTO auth_permission VALUES(37,10,'add_perfil','Can add perfil');
INSERT INTO auth_permission VALUES(38,10,'change_perfil','Can change perfil');
INSERT INTO auth_permission VALUES(39,10,'delete_perfil','Can delete perfil');
INSERT INTO auth_permission VALUES(40,10,'view_perfil','Can view perfil');
INSERT INTO auth_permission VALUES(41,11,'add_produto','Can add produto');
INSERT INTO auth_permission VALUES(42,11,'change_produto','Can change produto');
INSERT INTO auth_permission VALUES(43,11,'delete_produto','Can delete produto');
INSERT INTO auth_permission VALUES(44,11,'view_produto','Can view produto');
INSERT INTO auth_permission VALUES(45,12,'add_historiconotafiscal','Can add historico nota fiscal');
INSERT INTO auth_permission VALUES(46,12,'change_historiconotafiscal','Can change historico nota fiscal');
INSERT INTO auth_permission VALUES(47,12,'delete_historiconotafiscal','Can delete historico nota fiscal');
INSERT INTO auth_permission VALUES(48,12,'view_historiconotafiscal','Can view historico nota fiscal');
INSERT INTO auth_permission VALUES(49,13,'add_venda','Can add venda');
INSERT INTO auth_permission VALUES(50,13,'change_venda','Can change venda');
INSERT INTO auth_permission VALUES(51,13,'delete_venda','Can delete venda');
INSERT INTO auth_permission VALUES(52,13,'view_venda','Can view venda');
INSERT INTO auth_permission VALUES(53,14,'add_captchastore','Can add captcha store');
INSERT INTO auth_permission VALUES(54,14,'change_captchastore','Can change captcha store');
INSERT INTO auth_permission VALUES(55,14,'delete_captchastore','Can delete captcha store');
INSERT INTO auth_permission VALUES(56,14,'view_captchastore','Can view captcha store');
CREATE TABLE IF NOT EXISTS "auth_group" ("id" integer NOT NULL PRIMARY KEY AUTOINCREMENT, "name" varchar(150) NOT NULL UNIQUE);
CREATE TABLE IF NOT EXISTS "auth_user" ("id" integer NOT NULL PRIMARY KEY AUTOINCREMENT, "password" varchar(128) NOT NULL, "last_login" datetime NULL, "is_superuser" bool NOT NULL, "username" varchar(150) NOT NULL UNIQUE, "last_name" varchar(150) NOT NULL, "email" varchar(254) NOT NULL, "is_staff" bool NOT NULL, "is_active" bool NOT NULL, "date_joined" datetime NOT NULL, "first_name" varchar(150) NOT NULL);
INSERT INTO auth_user VALUES(1,'pbkdf2_sha256$720000$koWfxSPrrGSa4cD9k6S4zM$FjjIULMSRh3N9LKqi0txUvXp7PGhL+Mu9sYqMgIpqNM=','2025-08-24 16:36:08.373331',1,'unistock','','unistock.univesp@gmail.com',1,1,'2025-08-24 16:33:47.551829','');
INSERT INTO auth_user VALUES(2,'pbkdf2_sha256$720000$3Rxa8RmWokRkh43Hss0zlh$WdnRwB2Rp8uKbWKseMME/zKGOEqEVtN21ip/cRZKCps=','2025-09-06 15:56:23.765137',0,'teste','','teste@teste',0,1,'2025-08-24 16:35:07.517284','teste');
INSERT INTO auth_user VALUES(3,'pbkdf2_sha256$720000$tyzGdzWFdGmixrlFRPEpm8$XwN9atFz726Vaia6FrH0sreUSXsnQI/9BAb84rqg2xs=',NULL,0,'teste2','','teste@teste1',0,1,'2025-08-24 20:54:38.845531','teste');
INSERT INTO auth_user VALUES(4,'pbkdf2_sha256$720000$FL9U49eGvTGTZZXh3qAaza$+eyp8o6tkb38bIok6bfdGbpd014i92hscm4oDet3lMc=','2025-08-25 21:21:04.176228',0,'a','','a@a',0,1,'2025-08-25 21:20:25.665365','a');
INSERT INTO auth_user VALUES(5,'pbkdf2_sha256$720000$QiBIoeZ89wi03n1A88FmNr$y6GXpSF3fuO/F6cDgejvH9BwBYd3rpOXn2eFu2k1ZIc=','2025-08-26 00:16:04.669172',0,'teste3','','teste3@2',0,1,'2025-08-26 00:15:50.513865','teste');
INSERT INTO auth_user VALUES(6,'pbkdf2_sha256$720000$TQhONsb9Ct6Xsx3qQs55kV$kV8AH6RNBn+BTBpHPYkJcCVU+EN96mCwIpnl4Rd6CYo=','2025-08-26 00:34:55.341580',0,'eu','','sleop485@hotmail.com',0,1,'2025-08-26 00:24:19.321617','eu');
INSERT INTO auth_user VALUES(7,'pbkdf2_sha256$720000$fjRRPNSCrK7c60Ank1KTu9$oZJJm0hB3MNO+GbjbIX2eJJEdvsrcRXuWQ34Lc3z1Iw=',NULL,0,'teste1','','teste@teste11',0,1,'2025-09-04 12:21:34.632171','teste');
INSERT INTO auth_user VALUES(8,'pbkdf2_sha256$720000$aaNCZlgPkk2SRcgZ7myl9s$eb8203b9bcxt9WDx3ZgQgEh5fLwH3yy1xfZ2u6X4Av4=','2025-09-06 13:41:27.135345',0,'teste12','','teste@teste2',0,1,'2025-09-06 13:41:18.498972','teste1');
INSERT INTO auth_user VALUES(9,'pbkdf2_sha256$720000$OJcCIh9HZdVrDtGpqVUs77$oEi6QC2XfwGUPFPPQUs0hcui1chEnFiho6sA80G5bLE=','2025-09-06 13:57:59.711852',0,'teste123','','teste@teste123',0,1,'2025-09-06 13:57:49.037177','teste');
CREATE TABLE IF NOT EXISTS "django_session" ("session_key" varchar(40) NOT NULL PRIMARY KEY, "session_data" text NOT NULL, "expire_date" datetime NOT NULL);
INSERT INTO django_session VALUES('cigvs9st646desl6nirg7mvf5vpbn4te','.eJxVjEEOwiAQRe_C2hCKQBmX7j0DGYZBqgaS0q6Md7dNutDte-__twi4LiWsnecwJXERWpx-WUR6ct1FemC9N0mtLvMU5Z7Iw3Z5a4lf16P9OyjYy7YmYHSGkAmyM1krsJky2YjjkI0_8-iUVhidT54ZNoRAOg_eE1gELT5fEl04tQ:1uqFNF:8HgX6ltPtXzqXmnkvjhvjme7aSZ81nEPuzy3dTlCmKY','2025-08-24 18:23:35.894533');
INSERT INTO django_session VALUES('7fko40j2idkrwgn9i5v5ivsmujugztwe','.eJxVjEEOwiAQRe_C2hCKQBmX7j0DGYZBqgaS0q6Md7dNutDte-__twi4LiWsnecwJXERWpx-WUR6ct1FemC9N0mtLvMU5Z7Iw3Z5a4lf16P9OyjYy7YmYHSGkAmyM1krsJky2YjjkI0_8-iUVhidT54ZNoRAOg_eE1gELT5fEl04tQ:1uqFOz:HHNpzsuB4iXKVcQfEJMpLi0HulZFxPw6DxYrJ3uEr98','2025-08-24 18:25:23.645026');
INSERT INTO django_session VALUES('zl5065hv0wrockk63egrve4hzfx1ovfl','.eJxVjEEOwiAQRe_C2hCKQBmX7j0DGYZBqgaS0q6Md7dNutDte-__twi4LiWsnecwJXERWpx-WUR6ct1FemC9N0mtLvMU5Z7Iw3Z5a4lf16P9OyjYy7YmYHSGkAmyM1krsJky2YjjkI0_8-iUVhidT54ZNoRAOg_eE1gELT5fEl04tQ:1uqFVj:7mdgx6QlpCiGGARDWKRVOW0fj6rWLpaGd2WyN9QaHX0','2025-08-24 18:32:21.082076');
INSERT INTO django_session VALUES('c6uyjy8h6zy89q2lh6h4hvsvzef3by6b','.eJxVjEEOwiAQRe_C2hCKQBmX7j0DGYZBqgaS0q6Md7dNutDte-__twi4LiWsnecwJXERWpx-WUR6ct1FemC9N0mtLvMU5Z7Iw3Z5a4lf16P9OyjYy7YmYHSGkAmyM1krsJky2YjjkI0_8-iUVhidT54ZNoRAOg_eE1gELT5fEl04tQ:1uqFWb:eDaAXd_X6eATBTZV89HS1K2WqUEgO1cU-lya6AYLOEw','2025-08-24 18:33:10.707723');
INSERT INTO django_session VALUES('nuaz4a5i4o5blc83rtte5b9qahkbspd4','.eJxVjEEOwiAQRe_C2hCKQBmX7j0DGYZBqgaS0q6Md7dNutDte-__twi4LiWsnecwJXERWpx-WUR6ct1FemC9N0mtLvMU5Z7Iw3Z5a4lf16P9OyjYy7YmYHSGkAmyM1krsJky2YjjkI0_8-iUVhidT54ZNoRAOg_eE1gELT5fEl04tQ:1uqFWq:mUyCk9gN9s2jcbdXvbV322wDEn92xaXQ2iy3m8VwmKQ','2025-08-24 18:33:25.747895');
INSERT INTO django_session VALUES('xcq30iynwaep3wsc3bantxrhevz7o2rx','.eJxVjEEOwiAQRe_C2hCKQBmX7j0DGYZBqgaS0q6Md7dNutDte-__twi4LiWsnecwJXERWpx-WUR6ct1FemC9N0mtLvMU5Z7Iw3Z5a4lf16P9OyjYy7YmYHSGkAmyM1krsJky2YjjkI0_8-iUVhidT54ZNoRAOg_eE1gELT5fEl04tQ:1uqG3r:MS_bgrOJauHv6Pew3McoYnzWFAKdopSO-Zu_E-D4uY0','2025-08-24 19:07:32.971828');
INSERT INTO django_session VALUES('m8604u6s0f3pxtcchi9mbvcif5s3se4y','.eJxVjEEOwiAQRe_C2hCKQBmX7j0DGYZBqgaS0q6Md7dNutDte-__twi4LiWsnecwJXERWpx-WUR6ct1FemC9N0mtLvMU5Z7Iw3Z5a4lf16P9OyjYy7YmYHSGkAmyM1krsJky2YjjkI0_8-iUVhidT54ZNoRAOg_eE1gELT5fEl04tQ:1uqG49:hOZXbceYh7xZir9L4nkTpm1qdAFlOQd-ghLiuIRurco','2025-08-24 19:07:50.323978');
INSERT INTO django_session VALUES('f7500e4mc1wmn8z140beocvpu5kdamgi','.eJxVjEEOwiAQRe_C2hCKQBmX7j0DGYZBqgaS0q6Md7dNutDte-__twi4LiWsnecwJXERWpx-WUR6ct1FemC9N0mtLvMU5Z7Iw3Z5a4lf16P9OyjYy7YmYHSGkAmyM1krsJky2YjjkI0_8-iUVhidT54ZNoRAOg_eE1gELT5fEl04tQ:1uqG5M:S0KQ14fpCQ39Obxhp38gs_vHo0hFeSM3d7sv7beiFrY','2025-08-24 19:09:05.582992');
INSERT INTO django_session VALUES('ufc61e1h8angp2v2hxkq7uj1senv2utl','.eJxVjEEOwiAQRe_C2hCKQBmX7j0DGYZBqgaS0q6Md7dNutDte-__twi4LiWsnecwJXERWpx-WUR6ct1FemC9N0mtLvMU5Z7Iw3Z5a4lf16P9OyjYy7YmYHSGkAmyM1krsJky2YjjkI0_8-iUVhidT54ZNoRAOg_eE1gELT5fEl04tQ:1uqG79:zGvMVxojh5YdCdEL-qyguM8QoYlTvxCF0WlRYf-61c4','2025-08-24 19:10:56.730944');
INSERT INTO django_session VALUES('0x7013jh6ihofhp73tigxzqfjckrlgpb','e30:1uqGDu:ymwiAhKK9_bu9iViVJbPqNnYgF1T5KrkSoZ5SE778JI','2025-08-24 19:17:55.664537');
INSERT INTO django_session VALUES('fyjihegmz4yk9wjgdmfm9m91xx9fi5lr','e30:1uqGEM:6gDzqbHGFpekI0k8k_cvIqCFq8ax_a9Tla8LqUEIk40','2025-08-24 19:18:23.866120');
INSERT INTO django_session VALUES('5jyiqpvrrdeooh3tskg8hat02938r8ig','e30:1uqGF3:Texytu6CF0HuvH_u_Ff1gNku9wQwDp35Tkd-daoeYEE','2025-08-24 19:19:06.499546');
INSERT INTO django_session VALUES('3kd5hzxovzur2t8c388r8uri84ytg98g','.eJxVjEEOwiAQRe_C2hCKQBmX7j0DGYZBqgaS0q6Md7dNutDte-__twi4LiWsnecwJXERWpx-WUR6ct1FemC9N0mtLvMU5Z7Iw3Z5a4lf16P9OyjYy7YmYHSGkAmyM1krsJky2YjjkI0_8-iUVhidT54ZNoRAOg_eE1gELT5fEl04tQ:1uqGFc:HoTTsAOkX4uRGrPrtXjr_2poYdX3KtCwtN9CSoTsIAw','2025-08-24 19:19:41.414225');
INSERT INTO django_session VALUES('lddmrvxliy4562rtitg4gokd4swat1js','.eJxVjEEOwiAQRe_C2hCKQBmX7j0DGYZBqgaS0q6Md7dNutDte-__twi4LiWsnecwJXERWpx-WUR6ct1FemC9N0mtLvMU5Z7Iw3Z5a4lf16P9OyjYy7YmYHSGkAmyM1krsJky2YjjkI0_8-iUVhidT54ZNoRAOg_eE1gELT5fEl04tQ:1uqGGy:gaginF78n8Q0at_w-chXvtrN4S0zkV6QLesDwwIhBMo','2025-08-24 19:21:05.546125');
INSERT INTO django_session VALUES('4ng4pqk8hrxpjmkl1jtv950pgzf2pvyt','.eJxVjEEOwiAQRe_C2hCKQBmX7j0DGYZBqgaS0q6Md7dNutDte-__twi4LiWsnecwJXERWpx-WUR6ct1FemC9N0mtLvMU5Z7Iw3Z5a4lf16P9OyjYy7YmYHSGkAmyM1krsJky2YjjkI0_8-iUVhidT54ZNoRAOg_eE1gELT5fEl04tQ:1uqGI7:B3GGs6-7Ck7dJKNbUNXV-F3zBb8F5s5DyLZf6Ev2rGo','2025-08-24 19:22:16.471086');
INSERT INTO django_session VALUES('3eerfdr23wxjrb5v4nouzs54s4mg177r','.eJxVjEEOwiAQRe_C2hCKQBmX7j0DGYZBqgaS0q6Md7dNutDte-__twi4LiWsnecwJXERWpx-WUR6ct1FemC9N0mtLvMU5Z7Iw3Z5a4lf16P9OyjYy7YmYHSGkAmyM1krsJky2YjjkI0_8-iUVhidT54ZNoRAOg_eE1gELT5fEl04tQ:1uqGKm:m6L4qc6ySnmt5VgfwsZ6-JKLDWhIVMe5IG6SnY49yOs','2025-08-24 19:25:01.455890');
INSERT INTO django_session VALUES('q8r0q3g9ym7cazvehfq5in76zx3n8j32','.eJxVjEEOwiAQRe_C2hCKQBmX7j0DGYZBqgaS0q6Md7dNutDte-__twi4LiWsnecwJXERWpx-WUR6ct1FemC9N0mtLvMU5Z7Iw3Z5a4lf16P9OyjYy7YmYHSGkAmyM1krsJky2YjjkI0_8-iUVhidT54ZNoRAOg_eE1gELT5fEl04tQ:1uqGMV:BGRcnngdC_L5y6QrfOX2XwBJ2cGoagMT-G_Zkg3PbXw','2025-08-24 19:26:53.165702');
INSERT INTO django_session VALUES('ogk12ln6ijkg8y9izbc17zl9u1h84fhn','.eJxVjEEOwiAQRe_C2hCKQBmX7j0DGYZBqgaS0q6Md7dNutDte-__twi4LiWsnecwJXERWpx-WUR6ct1FemC9N0mtLvMU5Z7Iw3Z5a4lf16P9OyjYy7YmYHSGkAmyM1krsJky2YjjkI0_8-iUVhidT54ZNoRAOg_eE1gELT5fEl04tQ:1uqGNO:fyV61WYUjP1vJG8iu0AdqQcw8JNxz11dokE_FR_JRlw','2025-08-24 19:27:48.473759');
INSERT INTO django_session VALUES('avr5cgfy4ez0kow8oq9fmoapgypbpa6m','.eJxVjEEOwiAQRe_C2hCKQBmX7j0DGYZBqgaS0q6Md7dNutDte-__twi4LiWsnecwJXERWpx-WUR6ct1FemC9N0mtLvMU5Z7Iw3Z5a4lf16P9OyjYy7YmYHSGkAmyM1krsJky2YjjkI0_8-iUVhidT54ZNoRAOg_eE1gELT5fEl04tQ:1uqGQ6:RSUrmuMapR2gMC2DrOq8wTmae9-5XhQVintG_MQsV9o','2025-08-24 19:30:36.118306');
INSERT INTO django_session VALUES('h74yn747d1f52e2s09eftp3fp2sawdnl','.eJxVjEEOwiAQRe_C2hCKQBmX7j0DGYZBqgaS0q6Md7dNutDte-__twi4LiWsnecwJXERWpx-WUR6ct1FemC9N0mtLvMU5Z7Iw3Z5a4lf16P9OyjYy7YmYHSGkAmyM1krsJky2YjjkI0_8-iUVhidT54ZNoRAOg_eE1gELT5fEl04tQ:1uqGRw:MZzyxu99Y9zB6aIiEO1sOQ-acAT-xKp7aqS4AWE58cU','2025-08-24 19:32:30.849503');
INSERT INTO django_session VALUES('znkerxfedqnnyob9gsq9jrfpp6i5vw5b','.eJxVjEEOwiAQRe_C2hCKQBmX7j0DGYZBqgaS0q6Md7dNutDte-__twi4LiWsnecwJXERWpx-WUR6ct1FemC9N0mtLvMU5Z7Iw3Z5a4lf16P9OyjYy7YmYHSGkAmyM1krsJky2YjjkI0_8-iUVhidT54ZNoRAOg_eE1gELT5fEl04tQ:1uqGT0:AiEVSVDeMs-1QdFQaKQ6hIhMLtxN8VKQWZAbUOzh7_w','2025-08-24 19:33:36.655529');
INSERT INTO django_session VALUES('j7x7p40ofvseodbe45r4kwcpuhunazgg','.eJxVjEEOwiAQRe_C2hCKQBmX7j0DGYZBqgaS0q6Md7dNutDte-__twi4LiWsnecwJXERWpx-WUR6ct1FemC9N0mtLvMU5Z7Iw3Z5a4lf16P9OyjYy7YmYHSGkAmyM1krsJky2YjjkI0_8-iUVhidT54ZNoRAOg_eE1gELT5fEl04tQ:1uqGW7:cLXVFkUN8t1RPCN9EDMh-96YQRPfnD3PgitkiIklO4U','2025-08-24 19:36:49.789946');
INSERT INTO django_session VALUES('0pv6pyo3xvkcj6dizvzj6sc63rw9essr','.eJxVjEEOwiAQRe_C2hCKQBmX7j0DGYZBqgaS0q6Md7dNutDte-__twi4LiWsnecwJXERWpx-WUR6ct1FemC9N0mtLvMU5Z7Iw3Z5a4lf16P9OyjYy7YmYHSGkAmyM1krsJky2YjjkI0_8-iUVhidT54ZNoRAOg_eE1gELT5fEl04tQ:1uqGWe:kADj2FoJ3ztDjRxu10QuTaOCpEuCERuUITVU4t935fQ','2025-08-24 19:37:22.636562');
INSERT INTO django_session VALUES('s9rkbpb0xdzmwwcla6yqumfrjw82r6ym','.eJxVjEEOwiAQRe_C2hCKQBmX7j0DGYZBqgaS0q6Md7dNutDte-__twi4LiWsnecwJXERWpx-WUR6ct1FemC9N0mtLvMU5Z7Iw3Z5a4lf16P9OyjYy7YmYHSGkAmyM1krsJky2YjjkI0_8-iUVhidT54ZNoRAOg_eE1gELT5fEl04tQ:1uqGXy:K73fzvjYLSTF6qbXJ6t4qS7KSPOcLWWQbzY30EMVKzY','2025-08-24 19:38:44.421768');
INSERT INTO django_session VALUES('q945swqu7iwnav0rlelevi8wfth124p3','.eJxVjEEOwiAQRe_C2hCKQBmX7j0DGYZBqgaS0q6Md7dNutDte-__twi4LiWsnecwJXERWpx-WUR6ct1FemC9N0mtLvMU5Z7Iw3Z5a4lf16P9OyjYy7YmYHSGkAmyM1krsJky2YjjkI0_8-iUVhidT54ZNoRAOg_eE1gELT5fEl04tQ:1uqGbm:Zl5eQ_TQ02FqKfOf0WGjpAxcP6NsRUJUzT8hl4hthZY','2025-08-24 19:42:40.282399');
INSERT INTO django_session VALUES('4b9q20bgi1are6caygkznopi9sqqq0uh','.eJxVjEEOwiAQRe_C2hCKQBmX7j0DGYZBqgaS0q6Md7dNutDte-__twi4LiWsnecwJXERWpx-WUR6ct1FemC9N0mtLvMU5Z7Iw3Z5a4lf16P9OyjYy7YmYHSGkAmyM1krsJky2YjjkI0_8-iUVhidT54ZNoRAOg_eE1gELT5fEl04tQ:1uqGcC:0FBnSuP94XyFtJVDXVSBG9Go-hkg1vX99IdeWPnf3NM','2025-08-24 19:43:06.592783');
INSERT INTO django_session VALUES('oz2jzgqn28f7lln81kwuuoh82bn28yu2','.eJxVjEEOwiAQRe_C2hCKQBmX7j0DGYZBqgaS0q6Md7dNutDte-__twi4LiWsnecwJXERWpx-WUR6ct1FemC9N0mtLvMU5Z7Iw3Z5a4lf16P9OyjYy7YmYHSGkAmyM1krsJky2YjjkI0_8-iUVhidT54ZNoRAOg_eE1gELT5fEl04tQ:1uqGdz:0Wr1n3tEt1iptoUgreqHN2HEkMCKndHaNsKaVpInamw','2025-08-24 19:44:57.599521');
INSERT INTO django_session VALUES('mmujq9xium1w4npg6iyarl1wxxe7fp0c','.eJxVjEEOwiAQRe_C2hCKQBmX7j0DGYZBqgaS0q6Md7dNutDte-__twi4LiWsnecwJXERWpx-WUR6ct1FemC9N0mtLvMU5Z7Iw3Z5a4lf16P9OyjYy7YmYHSGkAmyM1krsJky2YjjkI0_8-iUVhidT54ZNoRAOg_eE1gELT5fEl04tQ:1uqGep:NPXtJXB9VR4N0XtTdb0L9QsRra7QDmtT-fvhHnSzTYA','2025-08-24 19:45:49.018994');
INSERT INTO django_session VALUES('zerizld5remy3fxfgbtjsoa0ah9l7vho','.eJxVjEEOwiAQRe_C2hCKQBmX7j0DGYZBqgaS0q6Md7dNutDte-__twi4LiWsnecwJXERWpx-WUR6ct1FemC9N0mtLvMU5Z7Iw3Z5a4lf16P9OyjYy7YmYHSGkAmyM1krsJky2YjjkI0_8-iUVhidT54ZNoRAOg_eE1gELT5fEl04tQ:1uqGfN:fbq_I1u3Gwdq1MivoCavb00Akc5apXA5Ew14ASl556w','2025-08-24 19:46:23.938402');
INSERT INTO django_session VALUES('atyxgwrumdx7ex0rceime6lrzhmnq775','.eJxVjEEOwiAQRe_C2hCKQBmX7j0DGYZBqgaS0q6Md7dNutDte-__twi4LiWsnecwJXERWpx-WUR6ct1FemC9N0mtLvMU5Z7Iw3Z5a4lf16P9OyjYy7YmYHSGkAmyM1krsJky2YjjkI0_8-iUVhidT54ZNoRAOg_eE1gELT5fEl04tQ:1uqGgl:F602zrQhCUVxEHNxjYYpj6xAyXU1ALAaQKs2mzsKh4Y','2025-08-24 19:47:49.479289');
INSERT INTO django_session VALUES('vmpjyep2rtrz0j956uvoacqckjfp54i2','.eJxVjEEOwiAQRe_C2hCKQBmX7j0DGYZBqgaS0q6Md7dNutDte-__twi4LiWsnecwJXERWpx-WUR6ct1FemC9N0mtLvMU5Z7Iw3Z5a4lf16P9OyjYy7YmYHSGkAmyM1krsJky2YjjkI0_8-iUVhidT54ZNoRAOg_eE1gELT5fEl04tQ:1uqGh9:nm9FbKIkcmM4wQ8Fk6oegAP6p8cDTmgVlE6c6YQM4KA','2025-08-24 19:48:13.632989');
INSERT INTO django_session VALUES('00ka9w8vfkrtd3wm06uz7zxjnw350vje','.eJxVjEEOwiAQRe_C2hCKQBmX7j0DGYZBqgaS0q6Md7dNutDte-__twi4LiWsnecwJXERWpx-WUR6ct1FemC9N0mtLvMU5Z7Iw3Z5a4lf16P9OyjYy7YmYHSGkAmyM1krsJky2YjjkI0_8-iUVhidT54ZNoRAOg_eE1gELT5fEl04tQ:1uqGlZ:JNVh5SX8QsCnHPJPZyXmUGFPMuw9-aPAC2tCwwlpudY','2025-08-24 19:52:47.489265');
INSERT INTO django_session VALUES('9i96qv5vi6b2lk9pgxd9td23q96dcn6v','.eJxVjEEOwiAQRe_C2hCKQBmX7j0DGYZBqgaS0q6Md7dNutDte-__twi4LiWsnecwJXERWpx-WUR6ct1FemC9N0mtLvMU5Z7Iw3Z5a4lf16P9OyjYy7YmYHSGkAmyM1krsJky2YjjkI0_8-iUVhidT54ZNoRAOg_eE1gELT5fEl04tQ:1uqGrq:CY11yNxt36oAgt0HZsAMo__BNkC-zbK0YE1B6Q1HaRI','2025-08-24 19:59:16.672627');
INSERT INTO django_session VALUES('cnna0enqka2iq2cx7kwq3io7gmp79ywg','.eJxVjEEOwiAQRe_C2hCKQBmX7j0DGYZBqgaS0q6Md7dNutDte-__twi4LiWsnecwJXERWpx-WUR6ct1FemC9N0mtLvMU5Z7Iw3Z5a4lf16P9OyjYy7YmYHSGkAmyM1krsJky2YjjkI0_8-iUVhidT54ZNoRAOg_eE1gELT5fEl04tQ:1uqGvL:BkhKgfigfL7s4ur9gVjlGqfW3kaOvpm9HbnEZIAgeCc','2025-08-24 20:02:53.303068');
INSERT INTO django_session VALUES('oedsofyb012bbbm75jdl06ygw370jdry','.eJxVjEEOwiAQRe_C2hCKQBmX7j0DGYZBqgaS0q6Md7dNutDte-__twi4LiWsnecwJXERWpx-WUR6ct1FemC9N0mtLvMU5Z7Iw3Z5a4lf16P9OyjYy7YmYHSGkAmyM1krsJky2YjjkI0_8-iUVhidT54ZNoRAOg_eE1gELT5fEl04tQ:1uqGwy:xhvazKsnSkSAhnY32wWjuYQU0zf1TCPYsxdQortTE68','2025-08-24 20:04:34.281316');
INSERT INTO django_session VALUES('jm57dlhlv1w37p19d5w80sdxju3d8blh','.eJxVjEEOwiAQRe_C2hCKQBmX7j0DGYZBqgaS0q6Md7dNutDte-__twi4LiWsnecwJXERWpx-WUR6ct1FemC9N0mtLvMU5Z7Iw3Z5a4lf16P9OyjYy7YmYHSGkAmyM1krsJky2YjjkI0_8-iUVhidT54ZNoRAOg_eE1gELT5fEl04tQ:1uqGzH:xuYqAsFPyAtoqVtb9ac_8hMnx425NJhD4nMCNincZVo','2025-08-24 20:06:57.275464');
INSERT INTO django_session VALUES('5vjgs08nt2xvrk5xwltqj0ffq8u4sj53','.eJxVjEEOwiAQRe_C2hCKQBmX7j0DGYZBqgaS0q6Md7dNutDte-__twi4LiWsnecwJXERWpx-WUR6ct1FemC9N0mtLvMU5Z7Iw3Z5a4lf16P9OyjYy7YmYHSGkAmyM1krsJky2YjjkI0_8-iUVhidT54ZNoRAOg_eE1gELT5fEl04tQ:1uqGza:BsYAhRz9KDWYuLkC2zdZ3j2uOSrvccQrkWkKhD2agqw','2025-08-24 20:07:16.155613');
INSERT INTO django_session VALUES('rt4fxwy6fqhj11oovtnciylwtsw6unb9','.eJxVjEEOwiAQRe_C2hCKQBmX7j0DGYZBqgaS0q6Md7dNutDte-__twi4LiWsnecwJXERWpx-WUR6ct1FemC9N0mtLvMU5Z7Iw3Z5a4lf16P9OyjYy7YmYHSGkAmyM1krsJky2YjjkI0_8-iUVhidT54ZNoRAOg_eE1gELT5fEl04tQ:1uqH2e:eeOvyHqLECo_sPaEQ1z2JSVRU74Sb0oOFLyROWaoc2k','2025-08-24 20:10:26.823717');
INSERT INTO django_session VALUES('hy5lhxganhprcrdnvod93g2ppts8z4c7','.eJxVjEEOwiAQRe_C2hCKQBmX7j0DGYZBqgaS0q6Md7dNutDte-__twi4LiWsnecwJXERWpx-WUR6ct1FemC9N0mtLvMU5Z7Iw3Z5a4lf16P9OyjYy7YmYHSGkAmyM1krsJky2YjjkI0_8-iUVhidT54ZNoRAOg_eE1gELT5fEl04tQ:1uqH2u:RvkpUBYYuLK5b7QPlY8OTOAGfW0X5j51bQoXNZXm9Cw','2025-08-24 20:10:42.149912');
INSERT INTO django_session VALUES('dk9bclgy492ep7f1do58m7wfyrqahqjk','.eJxVjEEOwiAQRe_C2hCKQBmX7j0DGYZBqgaS0q6Md7dNutDte-__twi4LiWsnecwJXERWpx-WUR6ct1FemC9N0mtLvMU5Z7Iw3Z5a4lf16P9OyjYy7YmYHSGkAmyM1krsJky2YjjkI0_8-iUVhidT54ZNoRAOg_eE1gELT5fEl04tQ:1uqH7g:pFBiOedLVfwpSW_MIBJoMGhrfvbZkpFyV2sOH5X4Gzk','2025-08-24 20:15:38.189509');
INSERT INTO django_session VALUES('m6q0o4qgu5v8qejv31qdiusjrnto2uva','.eJxVjEEOwiAQRe_C2hCKQBmX7j0DGYZBqgaS0q6Md7dNutDte-__twi4LiWsnecwJXERWpx-WUR6ct1FemC9N0mtLvMU5Z7Iw3Z5a4lf16P9OyjYy7YmYHSGkAmyM1krsJky2YjjkI0_8-iUVhidT54ZNoRAOg_eE1gELT5fEl04tQ:1uqH8J:c993T3QscGApCkTF8ocO_ypZVfogtvYBpUNKRfOngR0','2025-08-24 20:16:12.401069');
INSERT INTO django_session VALUES('wfj9wd6nzbv3a23fn90f9v2kr3asoeml','.eJxVjEEOwiAQRe_C2hCKQBmX7j0DGYZBqgaS0q6Md7dNutDte-__twi4LiWsnecwJXERWpx-WUR6ct1FemC9N0mtLvMU5Z7Iw3Z5a4lf16P9OyjYy7YmYHSGkAmyM1krsJky2YjjkI0_8-iUVhidT54ZNoRAOg_eE1gELT5fEl04tQ:1uqH8Y:AHNL7GvZ-PyCXIOPM6DdHaTjTkNPOH6Mz0f_d0-IajM','2025-08-24 20:16:27.002665');
INSERT INTO django_session VALUES('73uu84mj0aur9cnhr738vgt21ntz4gwm','.eJxVjEEOwiAQRe_C2hCKQBmX7j0DGYZBqgaS0q6Md7dNutDte-__twi4LiWsnecwJXERWpx-WUR6ct1FemC9N0mtLvMU5Z7Iw3Z5a4lf16P9OyjYy7YmYHSGkAmyM1krsJky2YjjkI0_8-iUVhidT54ZNoRAOg_eE1gELT5fEl04tQ:1uqH8j:L1O4gt31lfpixWDMSCYdVwgpttM9k78iP2bYwssS6T8','2025-08-24 20:16:38.575346');
INSERT INTO django_session VALUES('q9jm2lzw5z5q4a5let7m0a0cgcvqrhcm','.eJxVjEEOwiAQRe_C2hCKQBmX7j0DGYZBqgaS0q6Md7dNutDte-__twi4LiWsnecwJXERWpx-WUR6ct1FemC9N0mtLvMU5Z7Iw3Z5a4lf16P9OyjYy7YmYHSGkAmyM1krsJky2YjjkI0_8-iUVhidT54ZNoRAOg_eE1gELT5fEl04tQ:1uqH8u:AKNqTuAabYU8I7fVx31uA_w9zmjFKLzI5iGOpXgbhYw','2025-08-24 20:16:49.639107');
INSERT INTO django_session VALUES('sll8xei7ddcdtsu08lr0ouzqurwzkslw','.eJxVjEEOwiAQRe_C2hCKQBmX7j0DGYZBqgaS0q6Md7dNutDte-__twi4LiWsnecwJXERWpx-WUR6ct1FemC9N0mtLvMU5Z7Iw3Z5a4lf16P9OyjYy7YmYHSGkAmyM1krsJky2YjjkI0_8-iUVhidT54ZNoRAOg_eE1gELT5fEl04tQ:1uqH96:hSTPnb4uB3dhDzw73oNipAW-R3IQXxCS7eiI5ZzHFos','2025-08-24 20:17:01.326457');
INSERT INTO django_session VALUES('fagf3r1o8v7lbfepi0aypxw2agtrls5d','.eJxVjEEOwiAQRe_C2hCKQBmX7j0DGYZBqgaS0q6Md7dNutDte-__twi4LiWsnecwJXERWpx-WUR6ct1FemC9N0mtLvMU5Z7Iw3Z5a4lf16P9OyjYy7YmYHSGkAmyM1krsJky2YjjkI0_8-iUVhidT54ZNoRAOg_eE1gELT5fEl04tQ:1uqHCS:Y8D8HdTU7O4_U2C2YYXYtWKO4ZcqvzxqKcf3bwJDDBk','2025-08-24 20:20:29.605352');
INSERT INTO django_session VALUES('k4mmjnyb584aw5siej70lwnrpdga6t1t','.eJxVjEEOwiAQRe_C2hCKQBmX7j0DGYZBqgaS0q6Md7dNutDte-__twi4LiWsnecwJXERWpx-WUR6ct1FemC9N0mtLvMU5Z7Iw3Z5a4lf16P9OyjYy7YmYHSGkAmyM1krsJky2YjjkI0_8-iUVhidT54ZNoRAOg_eE1gELT5fEl04tQ:1uqHCp:B16zVd4i2UcgSV8c50mfyS9chc3JJn3E9iUW0K4cNK8','2025-08-24 20:20:52.390476');
INSERT INTO django_session VALUES('4hkc8mctr1v2tywq1ug1be7ny4mhq2db','.eJxVjEEOwiAQRe_C2hCKQBmX7j0DGYZBqgaS0q6Md7dNutDte-__twi4LiWsnecwJXERWpx-WUR6ct1FemC9N0mtLvMU5Z7Iw3Z5a4lf16P9OyjYy7YmYHSGkAmyM1krsJky2YjjkI0_8-iUVhidT54ZNoRAOg_eE1gELT5fEl04tQ:1uqHE8:SL2BmPkkvD-qtXIHyEs8MmNjfoblRSb1r3AuqAfykSg','2025-08-24 20:22:13.515612');
INSERT INTO django_session VALUES('3lfelamaib30nqehc8nfh0h8rc8zic1j','.eJxVjEEOwiAQRe_C2hCKQBmX7j0DGYZBqgaS0q6Md7dNutDte-__twi4LiWsnecwJXERWpx-WUR6ct1FemC9N0mtLvMU5Z7Iw3Z5a4lf16P9OyjYy7YmYHSGkAmyM1krsJky2YjjkI0_8-iUVhidT54ZNoRAOg_eE1gELT5fEl04tQ:1uqHFE:00N_O5CUBm2d0NqeINPNRCuCYa4x9HS8kKKam5W3xgA','2025-08-24 20:23:21.347137');
INSERT INTO django_session VALUES('0ud3hqukvbmegfe5bzu3hx7ne5vfh7v8','.eJxVjEEOwiAQRe_C2hCKQBmX7j0DGYZBqgaS0q6Md7dNutDte-__twi4LiWsnecwJXERWpx-WUR6ct1FemC9N0mtLvMU5Z7Iw3Z5a4lf16P9OyjYy7YmYHSGkAmyM1krsJky2YjjkI0_8-iUVhidT54ZNoRAOg_eE1gELT5fEl04tQ:1uqHJs:2R4L-HzVDpx8Dz4qc9mhiDMShEjTolaPK2XhVn_vKZY','2025-08-24 20:28:09.125433');
INSERT INTO django_session VALUES('qd6gcmtr6irf7woje8ul68bfpm5q9lyq','.eJxVjEEOwiAQRe_C2hCKQBmX7j0DGYZBqgaS0q6Md7dNutDte-__twi4LiWsnecwJXERWpx-WUR6ct1FemC9N0mtLvMU5Z7Iw3Z5a4lf16P9OyjYy7YmYHSGkAmyM1krsJky2YjjkI0_8-iUVhidT54ZNoRAOg_eE1gELT5fEl04tQ:1uqHNU:ZnfZ8RyOfkYxBVo_zLRAJEGKN54FkdGs9XWaU215koY','2025-08-24 20:31:53.258355');
INSERT INTO django_session VALUES('rubbrdbj5m5jvpxouzhhfyclxi1c6rnw','.eJxVjEEOwiAQRe_C2hCKQBmX7j0DGYZBqgaS0q6Md7dNutDte-__twi4LiWsnecwJXERWpx-WUR6ct1FemC9N0mtLvMU5Z7Iw3Z5a4lf16P9OyjYy7YmYHSGkAmyM1krsJky2YjjkI0_8-iUVhidT54ZNoRAOg_eE1gELT5fEl04tQ:1uqHP6:-H-3lbzNPP_9KW1xIU1iqbyK8chRYkduS_IeH3KyVtU','2025-08-24 20:33:33.101506');
INSERT INTO django_session VALUES('2s2l4z0tctbjxd8ntat83x7ezhemqcnz','.eJxVjEEOwiAQRe_C2hCKQBmX7j0DGYZBqgaS0q6Md7dNutDte-__twi4LiWsnecwJXERWpx-WUR6ct1FemC9N0mtLvMU5Z7Iw3Z5a4lf16P9OyjYy7YmYHSGkAmyM1krsJky2YjjkI0_8-iUVhidT54ZNoRAOg_eE1gELT5fEl04tQ:1uqHQM:XQGHzObKX1GuqjGxLMmqrnG7mk9PjcXkZ4OfRFvQTxQ','2025-08-24 20:34:51.066556');
INSERT INTO django_session VALUES('3lm9rpblj68fw3k94pyqu6hjla442mkb','.eJxVjEEOwiAQRe_C2hCKQBmX7j0DGYZBqgaS0q6Md7dNutDte-__twi4LiWsnecwJXERWpx-WUR6ct1FemC9N0mtLvMU5Z7Iw3Z5a4lf16P9OyjYy7YmYHSGkAmyM1krsJky2YjjkI0_8-iUVhidT54ZNoRAOg_eE1gELT5fEl04tQ:1uqHR6:EFe4fjkWeazIc1q7C7LsOIvtZ2R4HU818zdaULqeFc0','2025-08-24 20:35:37.206863');
INSERT INTO django_session VALUES('oc5a9qwmcqmakfua8edlkbr8ooe71tx2','.eJxVjEEOwiAQRe_C2hCKQBmX7j0DGYZBqgaS0q6Md7dNutDte-__twi4LiWsnecwJXERWpx-WUR6ct1FemC9N0mtLvMU5Z7Iw3Z5a4lf16P9OyjYy7YmYHSGkAmyM1krsJky2YjjkI0_8-iUVhidT54ZNoRAOg_eE1gELT5fEl04tQ:1uqHRK:oTyV-QrlsuOQZ6trpWbGOlQ2XB46mJK4_gpEN2OFplA','2025-08-24 20:35:51.560340');
INSERT INTO django_session VALUES('z533k8bdw70cip4nk329o9c2rs2sqoy4','.eJxVjEEOwiAQRe_C2hCKQBmX7j0DGYZBqgaS0q6Md7dNutDte-__twi4LiWsnecwJXERWpx-WUR6ct1FemC9N0mtLvMU5Z7Iw3Z5a4lf16P9OyjYy7YmYHSGkAmyM1krsJky2YjjkI0_8-iUVhidT54ZNoRAOg_eE1gELT5fEl04tQ:1uqHS8:uDViGHzMQ8taoEBhhLUAhOdoMPGqk3tbHh3P4GdE0Lk','2025-08-24 20:36:41.804308');
INSERT INTO django_session VALUES('jwe9d4jallcni9iv41oxaplzcirn609s','.eJxVjEEOwiAQRe_C2hCKQBmX7j0DGYZBqgaS0q6Md7dNutDte-__twi4LiWsnecwJXERWpx-WUR6ct1FemC9N0mtLvMU5Z7Iw3Z5a4lf16P9OyjYy7YmYHSGkAmyM1krsJky2YjjkI0_8-iUVhidT54ZNoRAOg_eE1gELT5fEl04tQ:1uqHV3:yUa4NUPxKUBpGHRo4pfQKwX9YVrTmuOdoSPs5H13rVo','2025-08-24 20:39:47.430661');
INSERT INTO django_session VALUES('o63efmtcd338mswlk1z9u9yeos5qh1xc','.eJxVjEEOwiAQRe_C2hCKQBmX7j0DGYZBqgaS0q6Md7dNutDte-__twi4LiWsnecwJXERWpx-WUR6ct1FemC9N0mtLvMU5Z7Iw3Z5a4lf16P9OyjYy7YmYHSGkAmyM1krsJky2YjjkI0_8-iUVhidT54ZNoRAOg_eE1gELT5fEl04tQ:1uqHVf:lUjbgWJrNlH-8xIL_jYorv8vbPC1zZyuqw1UpUcPcz0','2025-08-24 20:40:25.662907');
INSERT INTO django_session VALUES('7b7z560gqirxirza2lkom3mhtznwshn9','.eJxVjEEOwiAQRe_C2hCKQBmX7j0DGYZBqgaS0q6Md7dNutDte-__twi4LiWsnecwJXERWpx-WUR6ct1FemC9N0mtLvMU5Z7Iw3Z5a4lf16P9OyjYy7YmYHSGkAmyM1krsJky2YjjkI0_8-iUVhidT54ZNoRAOg_eE1gELT5fEl04tQ:1uqHWE:PuuWpVLcqygNhv8t0eOTXORlMhQf-FkARQ-b4YS3z9k','2025-08-24 20:41:00.329566');
INSERT INTO django_session VALUES('cqdhsrjfn2w4r1lrpz5cti3g0zmj9l20','.eJxVjEEOwiAQRe_C2hCKQBmX7j0DGYZBqgaS0q6Md7dNutDte-__twi4LiWsnecwJXERWpx-WUR6ct1FemC9N0mtLvMU5Z7Iw3Z5a4lf16P9OyjYy7YmYHSGkAmyM1krsJky2YjjkI0_8-iUVhidT54ZNoRAOg_eE1gELT5fEl04tQ:1uqHX3:cIW0_bM-sMIwzGjHFbXc3hcPj4tCF0q-gmWMp9oaXdU','2025-08-24 20:41:51.863819');
INSERT INTO django_session VALUES('9p70mvhhr33i6fvtm7xfk8todxrqy5cy','.eJxVjEEOwiAQRe_C2hCKQBmX7j0DGYZBqgaS0q6Md7dNutDte-__twi4LiWsnecwJXERWpx-WUR6ct1FemC9N0mtLvMU5Z7Iw3Z5a4lf16P9OyjYy7YmYHSGkAmyM1krsJky2YjjkI0_8-iUVhidT54ZNoRAOg_eE1gELT5fEl04tQ:1uqHbV:Dfz60Itrap2Xn0gUPE3ETPoARzo0GRutwUzSGytgVug','2025-08-24 20:46:27.107221');
INSERT INTO django_session VALUES('3ys89xrab6sbidve28wx75170u4hhuf6','.eJxVjEEOwiAQRe_C2hCKQBmX7j0DGYZBqgaS0q6Md7dNutDte-__twi4LiWsnecwJXERWpx-WUR6ct1FemC9N0mtLvMU5Z7Iw3Z5a4lf16P9OyjYy7YmYHSGkAmyM1krsJky2YjjkI0_8-iUVhidT54ZNoRAOg_eE1gELT5fEl04tQ:1uqHdq:t24eHvkn6tGmAw9j6ffKVWpOfSMz2En0O1VLbaqqfDI','2025-08-24 20:48:52.825766');
INSERT INTO django_session VALUES('km9h47i152excck3w9ewffgetyx1vlko','.eJxVjEEOwiAQRe_C2hCKQBmX7j0DGYZBqgaS0q6Md7dNutDte-__twi4LiWsnecwJXERWpx-WUR6ct1FemC9N0mtLvMU5Z7Iw3Z5a4lf16P9OyjYy7YmYHSGkAmyM1krsJky2YjjkI0_8-iUVhidT54ZNoRAOg_eE1gELT5fEl04tQ:1uqHfO:20-qIi_Pv6wotutshM5Ru7JQVCQ2hlMDUcqqLKoEfCA','2025-08-24 20:50:28.173050');
INSERT INTO django_session VALUES('j30c567pj7uobg903d111lloaffeiaw5','.eJxVjEEOwiAQRe_C2hCKQBmX7j0DGYZBqgaS0q6Md7dNutDte-__twi4LiWsnecwJXERWpx-WUR6ct1FemC9N0mtLvMU5Z7Iw3Z5a4lf16P9OyjYy7YmYHSGkAmyM1krsJky2YjjkI0_8-iUVhidT54ZNoRAOg_eE1gELT5fEl04tQ:1uqHq6:MC_6UklFCaIH6hnssqymhXTENkIZPcIYlm6umms1JTg','2025-08-24 21:01:27.375684');
INSERT INTO django_session VALUES('vurzf1pmybby7ctmdk2du73138zqcboy','.eJxVjEEOwiAQRe_C2hCKQBmX7j0DGYZBqgaS0q6Md7dNutDte-__twi4LiWsnecwJXERWpx-WUR6ct1FemC9N0mtLvMU5Z7Iw3Z5a4lf16P9OyjYy7YmYHSGkAmyM1krsJky2YjjkI0_8-iUVhidT54ZNoRAOg_eE1gELT5fEl04tQ:1uqHqL:hWNEJUpzJNNqI5kjGfs3oGATdO89l7MNzPckSj2xlFI','2025-08-24 21:01:42.595750');
INSERT INTO django_session VALUES('vdaak5bkakj3ecxi9tmvnnutai6dlvhp','.eJxVjEEOwiAQRe_C2hCKQBmX7j0DGYZBqgaS0q6Md7dNutDte-__twi4LiWsnecwJXERWpx-WUR6ct1FemC9N0mtLvMU5Z7Iw3Z5a4lf16P9OyjYy7YmYHSGkAmyM1krsJky2YjjkI0_8-iUVhidT54ZNoRAOg_eE1gELT5fEl04tQ:1uqIO5:Ns0jR0euuci47opQLCiMCu9T5yjo-LcOtT1KAba3aYk','2025-08-24 22:36:29.869154');
INSERT INTO django_session VALUES('yb4eu924vdlnmuc1msx00ie9cxyrpdis','eyJsb2dpbl9hdHRlbXB0cyI6MH0:1uqJ6K:Hpr5H7Sc6Nz9SdM-lYTDaPlFxSLcXe1DV28c1adSLm0','2025-08-24 23:22:12.971514');
INSERT INTO django_session VALUES('lhd2su3ybh3o4moulatp6audwvbfbqjc','e30:1uqJSA:d_r3kzVvAj4lmzu45XMVBeyrZVbVcxzF5r1rk84KMiI','2025-08-24 23:44:46.560594');
INSERT INTO django_session VALUES('edq2mjksm38r7hov4tdd6mo4zd54k85u','.eJxVjEEOwiAQRe_C2hCKQBmX7j0DGYZBqgaS0q6Md7dNutDte-__twi4LiWsnecwJXERWpx-WUR6ct1FemC9N0mtLvMU5Z7Iw3Z5a4lf16P9OyjYy7YmYHSGkAmyM1krsJky2YjjkI0_8-iUVhidT54ZNoRAOg_eE1gELT5fEl04tQ:1uuASR:TgsYNpsXH0-I3RXBBfrckPK3a-MR3Pct5S1Sh53g_LI','2025-09-04 14:56:59.210801');
INSERT INTO django_session VALUES('ekivw2lle3tl8r27uyv3thpza8qha6dx','.eJxVjEEOwiAQRe_C2hCKQBmX7j0DGYZBqgaS0q6Md7dNutDte-__twi4LiWsnecwJXERWpx-WUR6ct1FemC9N0mtLvMU5Z7Iw3Z5a4lf16P9OyjYy7YmYHSGkAmyM1krsJky2YjjkI0_8-iUVhidT54ZNoRAOg_eE1gELT5fEl04tQ:1uuEhc:GKXspKffpGIAF0No5GSkSbWQ3tCzTxSoQBvwKDvvRIk','2025-09-04 18:29:01.361151');
INSERT INTO django_session VALUES('43jzdzhsqpece2t74cx1tt3ig1hbs96f','.eJxVjEEOwiAQRe_C2hCKQBmX7j0DGYZBqgaS0q6Md7dNutDte-__twi4LiWsnecwJXERWpx-WUR6ct1FemC9N0mtLvMU5Z7Iw3Z5a4lf16P9OyjYy7YmYHSGkAmyM1krsJky2YjjkI0_8-iUVhidT54ZNoRAOg_eE1gELT5fEl04tQ:1uuEjW:JBCCzV874mIlBHvsoz2rYu0RbGtbcxvfkvi5tm_wVFA','2025-09-04 18:30:59.107899');
INSERT INTO django_session VALUES('320ovpp8vpw7kv1i2k2jkiiuycpt6wco','.eJxVjEEOwiAQRe_C2hCKQBmX7j0DGYZBqgaS0q6Md7dNutDte-__twi4LiWsnecwJXERWpx-WUR6ct1FemC9N0mtLvMU5Z7Iw3Z5a4lf16P9OyjYy7YmYHSGkAmyM1krsJky2YjjkI0_8-iUVhidT54ZNoRAOg_eE1gELT5fEl04tQ:1uuEpO:N-6F7ZIjrgpDbNViLqESrYPwcs9_3Q6qL2BPJW38NeE','2025-09-04 18:37:03.350431');
INSERT INTO django_session VALUES('802bejy21q8ztsqginz8nzl3n9xgi128','.eJxVjEEOwiAQRe_C2hCKQBmX7j0DGYZBqgaS0q6Md7dNutDte-__twi4LiWsnecwJXERWpx-WUR6ct1FemC9N0mtLvMU5Z7Iw3Z5a4lf16P9OyjYy7YmYHSGkAmyM1krsJky2YjjkI0_8-iUVhidT54ZNoRAOg_eE1gELT5fEl04tQ:1uuEqc:rsfH1yGpCGOWzKMKqMq9E40RqchL1o4OSaNaoTQ6Mzw','2025-09-04 18:38:19.779053');
INSERT INTO django_session VALUES('b3tvquz8jpjn7k2lwyxnd2039mw3j67g','.eJxVjEEOwiAQRe_C2hCKQBmX7j0DGYZBqgaS0q6Md7dNutDte-__twi4LiWsnecwJXERWpx-WUR6ct1FemC9N0mtLvMU5Z7Iw3Z5a4lf16P9OyjYy7YmYHSGkAmyM1krsJky2YjjkI0_8-iUVhidT54ZNoRAOg_eE1gELT5fEl04tQ:1uuEsE:sgmcnmYrISYi9RfeZQqGgHIiu5_o_oeUrpIzxxYddpE','2025-09-04 18:39:59.420981');
INSERT INTO django_session VALUES('4os9xjbd2t48mmdd05awk7tbnjc1viot','.eJxVjEEOwiAQRe_C2hCKQBmX7j0DGYZBqgaS0q6Md7dNutDte-__twi4LiWsnecwJXERWpx-WUR6ct1FemC9N0mtLvMU5Z7Iw3Z5a4lf16P9OyjYy7YmYHSGkAmyM1krsJky2YjjkI0_8-iUVhidT54ZNoRAOg_eE1gELT5fEl04tQ:1uuEsh:lmAdL3pI5Q8G5SzzgXG2OMCtAY2Kfwibxr6JGoMY1ms','2025-09-04 18:40:28.988840');
INSERT INTO django_session VALUES('5xns1gdqow2ko5cqgmkumg1hseih0lkd','.eJxVjEEOwiAQRe_C2hCKQBmX7j0DGYZBqgaS0q6Md7dNutDte-__twi4LiWsnecwJXERWpx-WUR6ct1FemC9N0mtLvMU5Z7Iw3Z5a4lf16P9OyjYy7YmYHSGkAmyM1krsJky2YjjkI0_8-iUVhidT54ZNoRAOg_eE1gELT5fEl04tQ:1uuEt2:LKAGgequeRFr2bbqXMR6P1Eh4w6u5sGkBGNKkm8XmEM','2025-09-04 18:40:49.885456');
INSERT INTO django_session VALUES('5qbho0sv706sqjr7k34iqnikqtmcq3t6','.eJxVjEEOwiAQRe_C2hCKQBmX7j0DGYZBqgaS0q6Md7dNutDte-__twi4LiWsnecwJXERWpx-WUR6ct1FemC9N0mtLvMU5Z7Iw3Z5a4lf16P9OyjYy7YmYHSGkAmyM1krsJky2YjjkI0_8-iUVhidT54ZNoRAOg_eE1gELT5fEl04tQ:1uuEud:tTZD4MFw3j1HAsPlSgrS45Szebba-drs4dlC_TTIt4U','2025-09-04 18:42:28.102601');
INSERT INTO django_session VALUES('uo64l9k2r4yuis4d39kfwvabprjh1m5r','.eJxVjEEOwiAQRe_C2hCKQBmX7j0DGYZBqgaS0q6Md7dNutDte-__twi4LiWsnecwJXERWpx-WUR6ct1FemC9N0mtLvMU5Z7Iw3Z5a4lf16P9OyjYy7YmYHSGkAmyM1krsJky2YjjkI0_8-iUVhidT54ZNoRAOg_eE1gELT5fEl04tQ:1uuEvt:I2kvwipX1my_W_SCWdYYxZHzwvZUKccoLWxqnNreFAg','2025-09-04 18:43:46.360717');
INSERT INTO django_session VALUES('ghlcuc5rmafepdkgd16lc6rpqwbrqk0k','.eJxVjEEOwiAQRe_C2hCKQBmX7j0DGYZBqgaS0q6Md7dNutDte-__twi4LiWsnecwJXERWpx-WUR6ct1FemC9N0mtLvMU5Z7Iw3Z5a4lf16P9OyjYy7YmYHSGkAmyM1krsJky2YjjkI0_8-iUVhidT54ZNoRAOg_eE1gELT5fEl04tQ:1uuExb:ciOhRsdSuBXPVbwpsde5SybaOABjeMq5FZ4lujA7dM4','2025-09-04 18:45:32.113587');
INSERT INTO django_session VALUES('r7afkf8rw5mnhjcu9it7fgiqj16fpca2','.eJxVjEEOwiAQRe_C2hCKQBmX7j0DGYZBqgaS0q6Md7dNutDte-__twi4LiWsnecwJXERWpx-WUR6ct1FemC9N0mtLvMU5Z7Iw3Z5a4lf16P9OyjYy7YmYHSGkAmyM1krsJky2YjjkI0_8-iUVhidT54ZNoRAOg_eE1gELT5fEl04tQ:1uuF26:uU5VvjvLaybFEeX3yuT_oNrR2w0hCSNmTC0dR__v8Yc','2025-09-04 18:50:11.067602');
INSERT INTO django_session VALUES('15pni2b931l5kkg1637dvgtk2onm4x5a','.eJxVjEEOwiAQRe_C2hCKQBmX7j0DGYZBqgaS0q6Md7dNutDte-__twi4LiWsnecwJXERWpx-WUR6ct1FemC9N0mtLvMU5Z7Iw3Z5a4lf16P9OyjYy7YmYHSGkAmyM1krsJky2YjjkI0_8-iUVhidT54ZNoRAOg_eE1gELT5fEl04tQ:1uuF2y:yaSZXnLaFqBzhLhHg2kcy24J1qntlD6DGAV0jIGksfI','2025-09-04 18:51:05.619613');
INSERT INTO django_session VALUES('2x6dz3g473zf493apywvm71c3hhui0b2','.eJxVjEEOwiAQRe_C2hCKQBmX7j0DGYZBqgaS0q6Md7dNutDte-__twi4LiWsnecwJXERWpx-WUR6ct1FemC9N0mtLvMU5Z7Iw3Z5a4lf16P9OyjYy7YmYHSGkAmyM1krsJky2YjjkI0_8-iUVhidT54ZNoRAOg_eE1gELT5fEl04tQ:1uuF3N:LABXlE0TcLVoJP5xQyXW40iO07GPQTuQWtw3yVxGdHw','2025-09-04 18:51:30.067679');
INSERT INTO django_session VALUES('4vo5zdg12zq33p2h6gdyactotgbfsd55','.eJxVjEEOwiAQRe_C2hCKQBmX7j0DGYZBqgaS0q6Md7dNutDte-__twi4LiWsnecwJXERWpx-WUR6ct1FemC9N0mtLvMU5Z7Iw3Z5a4lf16P9OyjYy7YmYHSGkAmyM1krsJky2YjjkI0_8-iUVhidT54ZNoRAOg_eE1gELT5fEl04tQ:1uuF48:5Bw8pUxjKJI052PMxd0fmIeD3ozHp2-tdru3hNrat6k','2025-09-04 18:52:17.321018');
INSERT INTO django_session VALUES('qvwwrlctolhmc4zh0p7dt0ifdrabjkpa','.eJxVjEEOwiAQRe_C2hCKQBmX7j0DGYZBqgaS0q6Md7dNutDte-__twi4LiWsnecwJXERWpx-WUR6ct1FemC9N0mtLvMU5Z7Iw3Z5a4lf16P9OyjYy7YmYHSGkAmyM1krsJky2YjjkI0_8-iUVhidT54ZNoRAOg_eE1gELT5fEl04tQ:1uuF4T:gwvmWffWFk0jFP-cWwjAdVaCT89OJBWky7fbaYuW1wk','2025-09-04 18:52:38.079941');
INSERT INTO django_session VALUES('xgl37r1f3zlt0maqfby9orj572x0mgwr','.eJxVjEEOwiAQRe_C2hCKQBmX7j0DGYZBqgaS0q6Md7dNutDte-__twi4LiWsnecwJXERWpx-WUR6ct1FemC9N0mtLvMU5Z7Iw3Z5a4lf16P9OyjYy7YmYHSGkAmyM1krsJky2YjjkI0_8-iUVhidT54ZNoRAOg_eE1gELT5fEl04tQ:1uuF5I:6cbZwOBFWzhi2FU6FVLOG5j81qq4xig_iYbwXg44Oyg','2025-09-04 18:53:29.693085');
INSERT INTO django_session VALUES('3iwspwymeyr9ukrynpppiotczvogm5re','.eJxVjEEOwiAQRe_C2hCKQBmX7j0DGYZBqgaS0q6Md7dNutDte-__twi4LiWsnecwJXERWpx-WUR6ct1FemC9N0mtLvMU5Z7Iw3Z5a4lf16P9OyjYy7YmYHSGkAmyM1krsJky2YjjkI0_8-iUVhidT54ZNoRAOg_eE1gELT5fEl04tQ:1uuF5q:KmgYAj6AingdpXA7ez2ArdI2V6qK3dnbkgLKx14BLh8','2025-09-04 18:54:03.071595');
INSERT INTO django_session VALUES('q67xcen21gndpwnz1mobxjjc3q51c84u','.eJxVjEEOwiAQRe_C2hCKQBmX7j0DGYZBqgaS0q6Md7dNutDte-__twi4LiWsnecwJXERWpx-WUR6ct1FemC9N0mtLvMU5Z7Iw3Z5a4lf16P9OyjYy7YmYHSGkAmyM1krsJky2YjjkI0_8-iUVhidT54ZNoRAOg_eE1gELT5fEl04tQ:1uuFAs:lG41tSrv4ztLvTVQxXjYy3xwouQcSyyko3ni1Ob2fco','2025-09-04 18:59:15.535312');
INSERT INTO django_session VALUES('7mrp66ltekyse05cg9xur8jvi02lr3ng','.eJxVjEEOwiAQRe_C2hCKQBmX7j0DGYZBqgaS0q6Md7dNutDte-__twi4LiWsnecwJXERWpx-WUR6ct1FemC9N0mtLvMU5Z7Iw3Z5a4lf16P9OyjYy7YmYHSGkAmyM1krsJky2YjjkI0_8-iUVhidT54ZNoRAOg_eE1gELT5fEl04tQ:1uuFCL:6OuUFWFUyrXcHOhHTzz0TP4_nGurLmqqn6gUCHLAKac','2025-09-04 19:00:46.637425');
INSERT INTO django_session VALUES('sv8ggo2klr4s3fwxeluq1kxi1jxxrxvj','.eJxVjEEOwiAQRe_C2hCKQBmX7j0DGYZBqgaS0q6Md7dNutDte-__twi4LiWsnecwJXERWpx-WUR6ct1FemC9N0mtLvMU5Z7Iw3Z5a4lf16P9OyjYy7YmYHSGkAmyM1krsJky2YjjkI0_8-iUVhidT54ZNoRAOg_eE1gELT5fEl04tQ:1uuFEP:SG5uJFb4xyXyS5ogB5XF8b461s_dRDl4YorMWd257EY','2025-09-04 19:02:54.110508');
INSERT INTO django_session VALUES('ed8ez87fe48qzy50ti3zpag4989to4c0','.eJxVjEEOwiAQRe_C2hCKQBmX7j0DGYZBqgaS0q6Md7dNutDte-__twi4LiWsnecwJXERWpx-WUR6ct1FemC9N0mtLvMU5Z7Iw3Z5a4lf16P9OyjYy7YmYHSGkAmyM1krsJky2YjjkI0_8-iUVhidT54ZNoRAOg_eE1gELT5fEl04tQ:1uuFH3:qDFbOLDpOzJTpmTfzfXtGTfTO6YKNEKpHoT61ZB8_Ec','2025-09-04 19:05:38.112900');
INSERT INTO django_session VALUES('3kfougmeckcsr2f8seg1rnpif50v0xm4','.eJxVjEEOwiAQRe_C2hCKQBmX7j0DGYZBqgaS0q6Md7dNutDte-__twi4LiWsnecwJXERWpx-WUR6ct1FemC9N0mtLvMU5Z7Iw3Z5a4lf16P9OyjYy7YmYHSGkAmyM1krsJky2YjjkI0_8-iUVhidT54ZNoRAOg_eE1gELT5fEl04tQ:1uuFLo:YR1doDXpV4VhmpmSxBKu9_5JScaUuRvptoezk-6Yz2o','2025-09-04 19:10:33.295024');
INSERT INTO django_session VALUES('01xhx1thetru4ut4oeh5clxtf282jy8n','.eJxVjEEOwiAQRe_C2hCKQBmX7j0DGYZBqgaS0q6Md7dNutDte-__twi4LiWsnecwJXERWpx-WUR6ct1FemC9N0mtLvMU5Z7Iw3Z5a4lf16P9OyjYy7YmYHSGkAmyM1krsJky2YjjkI0_8-iUVhidT54ZNoRAOg_eE1gELT5fEl04tQ:1uuFMD:0RJYTpb8YNL9OlQ4Xv00IJJ6lIu_zbbPBndww15fBQo','2025-09-04 19:10:58.144206');
INSERT INTO django_session VALUES('98116td75xpt4h4sn3hwe2qrxgps5mnb','.eJxVjEEOwiAQRe_C2hCKQBmX7j0DGYZBqgaS0q6Md7dNutDte-__twi4LiWsnecwJXERWpx-WUR6ct1FemC9N0mtLvMU5Z7Iw3Z5a4lf16P9OyjYy7YmYHSGkAmyM1krsJky2YjjkI0_8-iUVhidT54ZNoRAOg_eE1gELT5fEl04tQ:1uuFMg:g59RpUW-fM-TOHcMPDDQuTKcIrJhCtbiR5hZHgqnL6k','2025-09-04 19:11:27.593186');
INSERT INTO django_session VALUES('2lrzuyhngp17omjtf3m29ni60dwqggaj','.eJxVjEEOwiAQRe_C2hCKQBmX7j0DGYZBqgaS0q6Md7dNutDte-__twi4LiWsnecwJXERWpx-WUR6ct1FemC9N0mtLvMU5Z7Iw3Z5a4lf16P9OyjYy7YmYHSGkAmyM1krsJky2YjjkI0_8-iUVhidT54ZNoRAOg_eE1gELT5fEl04tQ:1uuFNQ:ie7QBhz4ZMorD9c3rD2dMD55tGf05dEY3VMFhPNBKvg','2025-09-04 19:12:13.361469');
INSERT INTO django_session VALUES('uwqr9e5h2mi1grvi4fzmazk8d7n7wgd6','.eJxVjEEOwiAQRe_C2hCKQBmX7j0DGYZBqgaS0q6Md7dNutDte-__twi4LiWsnecwJXERWpx-WUR6ct1FemC9N0mtLvMU5Z7Iw3Z5a4lf16P9OyjYy7YmYHSGkAmyM1krsJky2YjjkI0_8-iUVhidT54ZNoRAOg_eE1gELT5fEl04tQ:1uuFNj:8M3nSccCMe9Zae5aG-icJ1-1Kf23DFL2jY4k5Vsqgd4','2025-09-04 19:12:32.327614');
INSERT INTO django_session VALUES('16ixjrir0djny9b4raeli5a0o78q7cv5','.eJxVjEEOwiAQRe_C2hCKQBmX7j0DGYZBqgaS0q6Md7dNutDte-__twi4LiWsnecwJXERWpx-WUR6ct1FemC9N0mtLvMU5Z7Iw3Z5a4lf16P9OyjYy7YmYHSGkAmyM1krsJky2YjjkI0_8-iUVhidT54ZNoRAOg_eE1gELT5fEl04tQ:1uuFPl:SGooOT8YsZcg6p0BQ2PQW1YSn76-ddZtXRbACBAzFP0','2025-09-04 19:14:38.903862');
INSERT INTO django_session VALUES('n14rm765e4wkaz71tx32njp2gku5efzf','.eJxVjEEOwiAQRe_C2hCKQBmX7j0DGYZBqgaS0q6Md7dNutDte-__twi4LiWsnecwJXERWpx-WUR6ct1FemC9N0mtLvMU5Z7Iw3Z5a4lf16P9OyjYy7YmYHSGkAmyM1krsJky2YjjkI0_8-iUVhidT54ZNoRAOg_eE1gELT5fEl04tQ:1uuFQk:S5P8G5ejRy6PLjci4kAnfauWtucPiuvcPrMRJztgnno','2025-09-04 19:15:39.883430');
INSERT INTO django_session VALUES('a3dy094lvd3kjifnk76ilqsrlbol85d9','.eJxVjEEOwiAQRe_C2hCKQBmX7j0DGYZBqgaS0q6Md7dNutDte-__twi4LiWsnecwJXERWpx-WUR6ct1FemC9N0mtLvMU5Z7Iw3Z5a4lf16P9OyjYy7YmYHSGkAmyM1krsJky2YjjkI0_8-iUVhidT54ZNoRAOg_eE1gELT5fEl04tQ:1uuFVq:auW-HPszkKWFh8v7jPR1yWKNMf4NoU4lEbtz--f_qU8','2025-09-04 19:20:55.474628');
INSERT INTO django_session VALUES('ywa1uzycdvmwdieuwnum361o0rr5ktrh','.eJxVjEEOwiAQRe_C2hCKQBmX7j0DGYZBqgaS0q6Md7dNutDte-__twi4LiWsnecwJXERWpx-WUR6ct1FemC9N0mtLvMU5Z7Iw3Z5a4lf16P9OyjYy7YmYHSGkAmyM1krsJky2YjjkI0_8-iUVhidT54ZNoRAOg_eE1gELT5fEl04tQ:1uuFXi:Mkvq77mwlE7tead-AEqEGEdQF5-DaJltKuiuOSrrqDI','2025-09-04 19:22:51.462565');
INSERT INTO django_session VALUES('05h5u22kfjsxg1yuh16lxobsa09whurh','.eJxVjEEOwiAQRe_C2hCKQBmX7j0DGYZBqgaS0q6Md7dNutDte-__twi4LiWsnecwJXERWpx-WUR6ct1FemC9N0mtLvMU5Z7Iw3Z5a4lf16P9OyjYy7YmYHSGkAmyM1krsJky2YjjkI0_8-iUVhidT54ZNoRAOg_eE1gELT5fEl04tQ:1uuFYG:C3VoZ1JSKceXU_MVeXAoyGyRBH49Mxrx-Sp6cehofYE','2025-09-04 19:23:25.213390');
INSERT INTO django_session VALUES('26lpk8mpvbfz2l2egiq5ixrzs24afzzw','.eJxVjEEOwiAQRe_C2hCKQBmX7j0DGYZBqgaS0q6Md7dNutDte-__twi4LiWsnecwJXERWpx-WUR6ct1FemC9N0mtLvMU5Z7Iw3Z5a4lf16P9OyjYy7YmYHSGkAmyM1krsJky2YjjkI0_8-iUVhidT54ZNoRAOg_eE1gELT5fEl04tQ:1uuFZ4:xJpuTydlsEHcEKU_Bxi1xlWXLqO7BdrirdX8xkYi9M0','2025-09-04 19:24:15.073973');
INSERT INTO django_session VALUES('8kseqlynrd1fxnb65n05inefyyqr4oer','.eJxVjEEOwiAQRe_C2hCKQBmX7j0DGYZBqgaS0q6Md7dNutDte-__twi4LiWsnecwJXERWpx-WUR6ct1FemC9N0mtLvMU5Z7Iw3Z5a4lf16P9OyjYy7YmYHSGkAmyM1krsJky2YjjkI0_8-iUVhidT54ZNoRAOg_eE1gELT5fEl04tQ:1uuFcI:3IGtawmth9ssSRrTkEwDvzG5NMHms2voDGLhaVnV7eU','2025-09-04 19:27:35.316164');
INSERT INTO django_session VALUES('6xsh750isydrd5sefl3uqxpyszs21qjc','.eJxVjEEOwiAQRe_C2hCKQBmX7j0DGYZBqgaS0q6Md7dNutDte-__twi4LiWsnecwJXERWpx-WUR6ct1FemC9N0mtLvMU5Z7Iw3Z5a4lf16P9OyjYy7YmYHSGkAmyM1krsJky2YjjkI0_8-iUVhidT54ZNoRAOg_eE1gELT5fEl04tQ:1uuFd7:6SFpm40zw8Fp5NC9F14JwHPe6IIbMm6jnnXt3-A7yWU','2025-09-04 19:28:26.865910');
INSERT INTO django_session VALUES('hofr0f9ejzwts5ghzyxqhfx26qnqdr5l','.eJxVjEEOwiAQRe_C2hCKQBmX7j0DGYZBqgaS0q6Md7dNutDte-__twi4LiWsnecwJXERWpx-WUR6ct1FemC9N0mtLvMU5Z7Iw3Z5a4lf16P9OyjYy7YmYHSGkAmyM1krsJky2YjjkI0_8-iUVhidT54ZNoRAOg_eE1gELT5fEl04tQ:1uuFde:ILTWqWMzbeleRT-hs9v0-mUQDhdRLAeM4sv8iS3xvo8','2025-09-04 19:28:59.673054');
INSERT INTO django_session VALUES('tjjo102g1srjd6zv2jsymjkik165i7i9','.eJxVjEEOwiAQRe_C2hCKQBmX7j0DGYZBqgaS0q6Md7dNutDte-__twi4LiWsnecwJXERWpx-WUR6ct1FemC9N0mtLvMU5Z7Iw3Z5a4lf16P9OyjYy7YmYHSGkAmyM1krsJky2YjjkI0_8-iUVhidT54ZNoRAOg_eE1gELT5fEl04tQ:1uuFeO:nDNkR3T1wWUuFtgaYexSomEs4O6sdPhgnXATvESMOh0','2025-09-04 19:29:45.698118');
INSERT INTO django_session VALUES('n4p8lzr6c4wo04ic05jjwj5w9j00v4y9','.eJxVjEEOwiAQRe_C2hCKQBmX7j0DGYZBqgaS0q6Md7dNutDte-__twi4LiWsnecwJXERWpx-WUR6ct1FemC9N0mtLvMU5Z7Iw3Z5a4lf16P9OyjYy7YmYHSGkAmyM1krsJky2YjjkI0_8-iUVhidT54ZNoRAOg_eE1gELT5fEl04tQ:1uuFei:p91NFzfTydJONe8s4qEWJrd-mMtEm_sVJnIYJEx3Zdw','2025-09-04 19:30:05.339139');
INSERT INTO django_session VALUES('i4amz0oaib4drsnp2ya0kzuj8zxhs6if','.eJxVjEEOwiAQRe_C2hCKQBmX7j0DGYZBqgaS0q6Md7dNutDte-__twi4LiWsnecwJXERWpx-WUR6ct1FemC9N0mtLvMU5Z7Iw3Z5a4lf16P9OyjYy7YmYHSGkAmyM1krsJky2YjjkI0_8-iUVhidT54ZNoRAOg_eE1gELT5fEl04tQ:1uuFfQ:h1I1dX8_8AJ0EfRaBwkf1j4ehJ4ZiUsWWw2-hz3Gpp0','2025-09-04 19:30:49.473469');
INSERT INTO django_session VALUES('ktijeov0pj1867qgn6xkhyy83o2dlv2n','.eJxVjEEOwiAQRe_C2hCKQBmX7j0DGYZBqgaS0q6Md7dNutDte-__twi4LiWsnecwJXERWpx-WUR6ct1FemC9N0mtLvMU5Z7Iw3Z5a4lf16P9OyjYy7YmYHSGkAmyM1krsJky2YjjkI0_8-iUVhidT54ZNoRAOg_eE1gELT5fEl04tQ:1uuFhO:cHjjJTDqnOCHutNyNSA2nXq7aqLtM3rIS58nLtp5uUQ','2025-09-04 19:32:51.526610');
INSERT INTO django_session VALUES('ggto95k9q3q5m9qy7chxse0ov7w1z0sv','.eJxVjEEOwiAQRe_C2hCKQBmX7j0DGYZBqgaS0q6Md7dNutDte-__twi4LiWsnecwJXERWpx-WUR6ct1FemC9N0mtLvMU5Z7Iw3Z5a4lf16P9OyjYy7YmYHSGkAmyM1krsJky2YjjkI0_8-iUVhidT54ZNoRAOg_eE1gELT5fEl04tQ:1uuGbJ:6mfmiNSn5BckW-iNw8wyS00_l8wDBC-NMQ_yPWI1aM8','2025-09-04 20:30:38.102587');
INSERT INTO django_session VALUES('zpvtb6ow4y9ta47f669fl8zri4ypnzzh','.eJxVjEEOwiAQRe_C2hCKQBmX7j0DGYZBqgaS0q6Md7dNutDte-__twi4LiWsnecwJXERWpx-WUR6ct1FemC9N0mtLvMU5Z7Iw3Z5a4lf16P9OyjYy7YmYHSGkAmyM1krsJky2YjjkI0_8-iUVhidT54ZNoRAOg_eE1gELT5fEl04tQ:1uuYcw:gXVaUtkpn0MxDsFPjJkp39HZJtdaz7arG-drQToIZJc','2025-09-05 16:45:26.140383');
INSERT INTO django_session VALUES('e6quw1mraz3jbbvb5dgu91whrbpvoz4l','.eJxVjEEOwiAQRe_C2hCKQBmX7j0DGYZBqgaS0q6Md7dNutDte-__twi4LiWsnecwJXERWpx-WUR6ct1FemC9N0mtLvMU5Z7Iw3Z5a4lf16P9OyjYy7YmYHSGkAmyM1krsJky2YjjkI0_8-iUVhidT54ZNoRAOg_eE1gELT5fEl04tQ:1uuvI6:Jv7zTwAgy25m6zfHKV_oLW8Rc2Q_SmYPjynJXNQSRv4','2025-09-06 16:57:26.509394');
CREATE TABLE IF NOT EXISTS "captcha_captchastore" ("challenge" varchar(32) NOT NULL, "response" varchar(32) NOT NULL, "hashkey" varchar(40) NOT NULL UNIQUE, "expiration" datetime NOT NULL, "id" integer NOT NULL PRIMARY KEY AUTOINCREMENT);
INSERT INTO captcha_captchastore VALUES('GCUV','gcuv','58df889ee6176cad6c78b26cdbe5cbcf16615c90','2025-09-06 14:26:27.571587',84);
INSERT INTO captcha_captchastore VALUES('YJYQ','yjyq','1e0cce94dd0ffe0847124b9a537d062335c9d0d4','2025-09-06 14:26:31.393158',85);
INSERT INTO captcha_captchastore VALUES('ODBR','odbr','682dce6411cd5dd167c168d9664ecb8657ff89e4','2025-09-06 14:26:40.433623',86);
INSERT INTO captcha_captchastore VALUES('MISE','mise','93dc57735b27893cbb0412dcf9c70d372c5ff325','2025-09-06 14:26:41.209325',87);
INSERT INTO captcha_captchastore VALUES('XTMQ','xtmq','3294bf85cab5d426611bfabada9f4bb391dd8349','2025-09-06 14:26:42.257679',88);
INSERT INTO captcha_captchastore VALUES('GILP','gilp','9815654ef4798218123019535dc46a2155530496','2025-09-06 14:26:44.745623',89);
CREATE TABLE IF NOT EXISTS "accounts_cliente" ("nome" varchar(255) NOT NULL, "cpf" varchar(14) NOT NULL PRIMARY KEY, "email" varchar(255) NULL, "endereco" varchar(255) NULL, "cep" varchar(9) NULL, "cidade" varchar(100) NULL, "estado" varchar(2) NULL, "telefone" varchar(20) NULL);
INSERT INTO accounts_cliente VALUES('Cliente 1','123','123@123','Rua João Quirino de Souza','12610562','Lorena','SP','123');
INSERT INTO accounts_cliente VALUES('Cliente 2','345','345@345','Rua Comandante Salgado','12501380','Guaratinguetá','SP','345');
INSERT INTO accounts_cliente VALUES('Cliente 3','678','678@678','Rua Francisco João Lessa','13181682','Sumaré','SP','678');
CREATE TABLE IF NOT EXISTS "accounts_fornecedor" ("nome" varchar(255) NOT NULL, "cnpj" varchar(18) NOT NULL PRIMARY KEY, "email" varchar(255) NULL, "endereco" varchar(255) NULL, "cep" varchar(9) NULL, "cidade" varchar(100) NULL, "estado" varchar(2) NULL, "telefone" varchar(20) NULL);
INSERT INTO accounts_fornecedor VALUES('Fornecedor 1','123','123@123','Centro','13670000','Santa Rita do Passa Quatro','SP','123');
INSERT INTO accounts_fornecedor VALUES('Fornecedor 2','456','456@456','Rua Luís Carlos Vitaliano','14098563','Ribeirão Preto','SP','456');
INSERT INTO accounts_fornecedor VALUES('Fornecedor 3','789','789@789','Rua Ivo Dall''Acqua','14800007','Araraquara','SP','789');
DELETE FROM sqlite_sequence;
INSERT INTO sqlite_sequence VALUES('django_migrations',22);
INSERT INTO sqlite_sequence VALUES('django_admin_log',0);
INSERT INTO sqlite_sequence VALUES('django_content_type',14);
INSERT INTO sqlite_sequence VALUES('auth_permission',56);
INSERT INTO sqlite_sequence VALUES('auth_group',0);
INSERT INTO sqlite_sequence VALUES('auth_user',9);
INSERT INTO sqlite_sequence VALUES('accounts_perfil',8);
INSERT INTO sqlite_sequence VALUES('accounts_passwordresetcode',6);
INSERT INTO sqlite_sequence VALUES('captcha_captchastore',90);
CREATE UNIQUE INDEX "auth_group_permissions_group_id_permission_id_0cd325b0_uniq" ON "auth_group_permissions" ("group_id", "permission_id");
CREATE INDEX "auth_group_permissions_group_id_b120cbf9" ON "auth_group_permissions" ("group_id");
CREATE INDEX "auth_group_permissions_permission_id_84c5c92e" ON "auth_group_permissions" ("permission_id");
CREATE UNIQUE INDEX "auth_user_groups_user_id_group_id_94350c0c_uniq" ON "auth_user_groups" ("user_id", "group_id");
CREATE INDEX "auth_user_groups_user_id_6a12ed8b" ON "auth_user_groups" ("user_id");
CREATE INDEX "auth_user_groups_group_id_97559544" ON "auth_user_groups" ("group_id");
CREATE UNIQUE INDEX "auth_user_user_permissions_user_id_permission_id_14a6b632_uniq" ON "auth_user_user_permissions" ("user_id", "permission_id");
CREATE INDEX "auth_user_user_permissions_user_id_a95ead1b" ON "auth_user_user_permissions" ("user_id");
CREATE INDEX "auth_user_user_permissions_permission_id_1fbb5f2c" ON "auth_user_user_permissions" ("permission_id");
CREATE INDEX "accounts_passwordresetcode_user_id_5331448e" ON "accounts_passwordresetcode" ("user_id");
CREATE INDEX "accounts_produto_fornecedor_id_1ef060bd" ON "accounts_produto" ("fornecedor_id");
CREATE INDEX "accounts_historiconotafiscal_produto_id_ea6fcc8a" ON "accounts_historiconotafiscal" ("produto_id");
CREATE INDEX "accounts_venda_cliente_id_dc2926f9" ON "accounts_venda" ("cliente_id");
CREATE INDEX "accounts_venda_produto_id_3353ca2b" ON "accounts_venda" ("produto_id");
CREATE INDEX "django_admin_log_content_type_id_c4bce8eb" ON "django_admin_log" ("content_type_id");
CREATE INDEX "django_admin_log_user_id_c564eba6" ON "django_admin_log" ("user_id");
CREATE UNIQUE INDEX "django_content_type_app_label_model_76bd3d3b_uniq" ON "django_content_type" ("app_label", "model");
CREATE UNIQUE INDEX "auth_permission_content_type_id_codename_01ab375a_uniq" ON "auth_permission" ("content_type_id", "codename");
CREATE INDEX "auth_permission_content_type_id_2f476e4b" ON "auth_permission" ("content_type_id");
CREATE INDEX "django_session_expire_date_a5c62663" ON "django_session" ("expire_date");
COMMIT;
